targetTrend	pred2ndNext	pred1rstNext	predWillFollowIncreaseCapacity	DrawId	Feat-UniverseLength-Over10	Feat-UniverseLength-Over10-didFollowIncreaseCapacity	Feat-UniverseLength-Over10-LastMovingDirection	Feat-UniverseLength-Over10-ShortMovingDirectionBalance	Feat-UniverseLength-Over10-PreviousLastMovingDirection	Feat-UniverseLength-Over10-LargerMovingDirectionBalance	Feat-UniverseLength-Over10-sameValueSerie	Feat-UniverseLength-Over10-greaterThanSerie	Feat-UniverseLength-Over10-lowerThanSerie	Feat-UniverseLength-Over10-CanIncreaseOf	Feat-UniverseLength-Over10-CanDecreaseOf	Feat-Effectifs-Over10-andSupa20-MeanEffsIn	Feat-Effectifs-Over10-andSupa20-MeanEffsOut	Feat-Effectifs-Over10-andSupa20-MedianEffsIn	Feat-Effectifs-Over10-andSupa20-MedianEffsOut
-70	-1	-1	None	20191206	6	False	1	-5	-1	-50	2	6	2	1	0	2.83	0.75	3.0	0.5
-35	-1	6	False	20191205	6	True	1	-5	-1	-50	1	5	1	1	0	2.83	0.75	3.0	0.5
10	6	6	True	20191204	5	False	-1	2	-1	20	2	2	40	1	0	3.2	0.8	3.0	0.0
5	6	5	False	20191203	5	False	-1	0	-1	0	1	1	39	1	0	3.0	1.0	3.0	0.0
-10	5	5	False	20191202	6	False	-1	7	1	70	2	2	7	0	-1	2.67	1.0	2.0	0.5
-5	5	6	False	20191130	6	False	-1	7	1	70	1	1	6	1	0	2.5	1.25	2.0	0.5
-10	6	6	False	20191129	7	True	1	-2	0	-20	1	11	1	0	-1	2.57	0.67	2.0	1.0
5	6	7	True	20191128	6	True	0	2	1	20	4	9	4	1	0	2.83	0.75	2.5	1.0
5	7	6	True	20191127	6	False	1	-5	0	-50	3	8	3	0	-1	2.67	1.0	2.5	1.0
0	6	6	False	20191126	6	False	1	-4	0	-40	2	7	2	1	0	2.67	1.0	3.0	1.0
0	6	6	False	20191125	6	True	1	-4	0	-40	1	6	1	1	0	2.5	1.25	2.5	1.0
10	6	6	True	20191123	5	False	-1	5	-1	50	3	3	31	1	0	3.0	1.0	4.0	1.0
5	6	5	False	20191122	5	False	-1	2	-1	20	2	2	30	1	0	2.8	1.2	3.0	1.0
0	5	5	False	20191121	5	False	-1	-4	-1	-40	1	1	29	1	0	2.8	1.2	3.0	1.0
-10	5	5	False	20191120	6	False	-1	2	-1	20	2	2	26	0	-1	2.33	1.5	2.5	1.5
-5	5	6	False	20191119	6	False	-1	0	-1	0	1	1	25	1	0	2.33	1.5	2.0	1.5
-10	6	6	False	20191118	7	False	-1	7	1	70	1	1	15	0	-1	2.29	1.33	2.0	1.0
-15	6	7	False	20191116	8	True	1	-4	0	-40	1	98	1	0	-1	2.38	0.5	2.0	0.5
5	7	8	True	20191115	7	False	-1	7	1	70	3	3	13	1	0	2.57	0.67	3.0	1.0
5	8	7	False	20191114	7	True	-1	5	1	50	2	2	12	1	0	2.43	1.0	2.0	1.0
0	7	7	True	20191113	7	False	-1	5	1	50	1	1	11	0	-1	2.43	1.0	2.0	1.0
-10	7	7	False	20191112	8	True	1	-4	-1	-40	1	94	1	0	-1	2.25	1.0	2.0	1.0
5	7	8	True	20191111	7	False	-1	5	1	50	1	1	9	1	0	2.14	1.67	2.0	2.0
-5	8	7	False	20191109	8	True	1	-5	-1	-50	1	92	1	0	-1	2.25	1.0	2.0	1.0
5	7	8	True	20191108	7	True	-1	4	0	40	2	2	7	1	0	2.29	1.33	2.0	1.0
5	8	7	True	20191107	7	False	-1	4	0	40	1	1	6	0	-1	2.43	1.0	2.0	1.0
-10	7	7	False	20191106	8	False	1	-5	1	-50	3	89	3	0	-1	2.38	0.5	2.0	0.5
-5	7	8	False	20191105	8	False	1	-2	1	-20	2	88	2	1	0	2.25	1.0	2.0	1.0
0	8	8	False	20191104	8	True	1	0	1	0	1	87	1	1	0	2.25	1.0	2.0	1.0
10	8	8	True	20191102	7	False	1	-7	-1	-70	2	26	2	1	0	2.57	0.67	2.0	1.0
5	8	7	False	20191101	7	True	1	-7	-1	-70	1	25	1	1	0	2.57	0.67	2.0	1.0
10	7	7	True	20191031	6	False	-1	2	0	20	1	1	9	1	0	2.67	1.0	2.0	1.0
-5	7	6	False	20191030	7	False	0	0	0	0	7	23	7	0	-1	2.43	1.0	1.0	1.0
-5	6	7	False	20191029	7	True	0	0	0	0	6	22	6	1	0	2.43	1.0	2.0	1.0
0	7	7	True	20191028	7	True	0	0	1	0	5	21	5	0	-1	2.57	0.67	2.0	0.0
0	7	7	True	20191026	7	False	0	2	1	20	4	20	4	0	-1	2.57	0.67	2.0	0.0
0	7	7	False	20191025	7	True	1	-4	1	-40	3	19	3	1	0	2.57	0.67	2.0	0.0
0	7	7	True	20191024	7	False	1	0	1	0	2	18	2	0	-1	2.57	0.67	2.0	0.0
0	7	7	False	20191023	7	True	1	5	1	50	1	17	1	1	0	2.57	0.67	2.0	0.0
10	7	7	True	20191022	6	True	1	0	1	0	1	15	1	1	0	3.0	0.5	2.5	0.0
15	7	6	True	20191021	5	False	1	-5	-1	-50	2	13	2	1	0	3.2	0.8	3.0	0.0
5	6	5	False	20191019	5	True	1	-4	-1	-40	1	12	1	1	0	3.0	1.0	3.0	0.0
10	5	5	True	20191018	4	False	-1	5	1	50	1	1	708	1	0	3.5	1.0	3.5	0.0
-5	5	4	False	20191017	5	True	1	-5	-1	-50	1	10	1	0	-1	3.6	0.4	3.0	0.0
5	4	5	True	20191016	4	False	-1	4	0	40	2	2	706	1	0	4.25	0.5	4.0	0.5
5	5	4	False	20191015	4	False	-1	2	0	20	1	1	705	1	0	4.0	0.67	4.0	1.0
-10	4	4	False	20191014	5	False	0	0	0	0	7	7	158	0	-1	3.2	0.8	3.0	1.0
-5	4	5	False	20191012	5	True	0	0	0	0	6	6	157	1	0	3.2	0.8	2.0	1.0
0	5	5	True	20191011	5	False	0	0	-1	0	5	5	156	0	-1	3.2	0.8	2.0	1.0
0	5	5	False	20191010	5	False	0	-2	-1	-20	4	4	155	1	0	3.2	0.8	2.0	1.0
0	5	5	False	20191009	5	False	-1	4	-1	40	3	3	154	1	0	3.0	1.0	2.0	1.0
0	5	5	False	20191008	5	False	-1	-2	-1	-20	2	2	153	1	0	2.8	1.2	2.0	1.0
0	5	5	False	20191007	5	False	-1	-5	-1	-50	1	1	152	1	0	2.6	1.4	2.0	1.0
-10	5	5	False	20191005	6	False	-1	2	-1	20	1	1	43	0	-1	2.33	1.5	1.5	1.5
-15	5	6	False	20191004	7	False	-1	12	1	120	1	1	3	0	-1	2.29	1.33	2.0	1.0
-15	6	7	False	20191003	8	True	1	4	1	40	1	60	1	0	-1	2.38	0.5	2.5	0.5
5	7	8	True	20191002	7	True	1	-2	0	-20	1	20	1	1	0	2.71	0.33	3.0	0.0
15	8	7	True	20191001	6	True	0	-2	-1	-20	4	4	39	1	0	2.83	0.75	3.0	0.5
5	7	6	True	20190930	6	True	-1	5	1	50	3	3	38	0	-1	2.83	0.75	3.0	0.5
0	6	6	True	20190928	6	False	-1	5	1	50	2	2	37	0	-1	2.83	0.75	3.0	1.0
0	6	6	False	20190927	6	False	-1	5	1	50	1	1	36	1	0	2.83	0.75	3.0	1.0
-10	6	6	False	20190926	7	False	1	-4	0	-40	2	15	2	0	-1	2.57	0.67	2.0	1.0
-5	6	7	False	20190925	7	True	1	-2	0	-20	1	14	1	1	0	2.57	0.67	3.0	1.0
10	7	7	True	20190924	6	False	0	0	0	0	6	6	33	1	0	3.0	0.5	3.0	0.5
5	7	6	False	20190923	6	False	0	0	-1	0	5	5	32	1	0	2.83	0.75	3.0	1.0
0	6	6	False	20190921	6	False	0	-2	-1	-20	4	4	31	1	0	2.83	0.75	3.0	1.0
0	6	6	False	20190920	6	False	-1	5	1	50	3	3	30	1	0	2.83	0.75	3.0	1.0
0	6	6	False	20190919	6	True	-1	5	1	50	2	2	29	1	0	2.83	0.75	3.0	1.0
0	6	6	True	20190918	6	False	-1	5	1	50	1	1	28	0	-1	2.83	0.75	3.0	1.0
-10	6	6	False	20190917	7	False	1	-4	0	-40	2	7	2	0	-1	2.43	1.0	2.0	1.0
-5	6	7	False	20190916	7	True	1	-4	0	-40	1	6	1	1	0	2.29	1.33	2.0	1.0
10	7	7	True	20190914	6	False	-1	5	-1	50	3	3	25	1	0	2.67	1.0	2.5	1.0
5	7	6	False	20190913	6	False	-1	2	-1	20	2	2	24	1	0	2.67	1.0	2.0	1.0
0	6	6	False	20190912	6	False	-1	-2	-1	-20	1	1	23	1	0	2.67	1.0	2.5	1.0
-10	6	6	False	20190911	7	True	-1	5	1	50	2	2	6	0	-1	2.43	1.0	2.0	1.0
-5	6	7	True	20190910	7	False	-1	5	1	50	1	1	5	0	-1	2.43	1.0	2.0	1.0
-10	7	7	False	20190909	8	False	1	-2	1	-20	2	39	2	0	-1	2.25	1.0	2.0	1.0
-5	7	8	False	20190907	8	True	1	2	1	20	1	38	1	1	0	2.25	1.0	2.5	1.0
10	8	8	True	20190906	7	True	1	-4	0	-40	2	6	2	1	0	2.57	0.67	3.0	1.0
5	8	7	True	20190905	7	True	1	-4	0	-40	1	5	1	0	-1	2.71	0.33	3.0	0.0
10	7	7	True	20190904	6	False	-1	4	-1	40	3	3	16	1	0	2.67	1.0	3.0	1.0
5	7	6	False	20190903	6	False	-1	2	-1	20	2	2	15	1	0	2.67	1.0	3.0	1.0
0	6	6	False	20190902	6	False	-1	2	-1	20	1	1	14	1	0	2.67	1.0	3.0	1.0
-10	6	6	False	20190831	7	False	-1	10	1	100	1	1	3	0	-1	2.57	0.67	3.0	1.0
-15	6	7	False	20190830	8	True	1	-2	1	-20	1	31	1	0	-1	2.38	0.5	2.0	0.5
5	7	8	True	20190829	7	True	1	-10	-1	-100	1	3	1	1	0	2.29	1.33	2.0	1.0
15	8	7	True	20190828	6	False	-1	-2	-1	-20	1	1	10	1	0	2.17	1.75	2.0	1.5
-5	7	6	False	20190827	7	False	-1	5	1	50	1	1	8	0	-1	2.0	2.0	2.0	2.0
-15	6	7	False	20190826	8	True	1	-4	-1	-40	1	27	1	0	-1	2.25	1.0	2.0	1.0
5	7	8	True	20190824	7	False	-1	7	1	70	1	1	6	1	0	2.14	1.67	2.0	2.0
-5	8	7	False	20190823	8	True	1	-2	0	-20	1	25	1	0	-1	2.0	2.0	2.0	2.0
5	7	8	True	20190822	7	False	0	2	1	20	4	20	4	1	0	2.14	1.67	2.0	1.0
5	8	7	False	20190821	7	False	1	-4	1	-40	3	19	3	1	0	2.14	1.67	2.0	1.0
0	7	7	False	20190820	7	True	1	0	1	0	2	18	2	1	0	2.14	1.67	2.0	1.0
0	7	7	True	20190819	7	True	1	4	1	40	1	17	1	0	-1	2.71	0.33	2.0	0.0
10	7	7	True	20190817	6	True	1	-2	0	-20	1	12	1	1	0	3.17	0.25	3.0	0.0
15	7	6	True	20190816	5	False	0	0	-1	0	5	5	108	1	0	3.6	0.4	3.0	0.0
5	6	5	False	20190815	5	False	0	-2	-1	-20	4	4	107	1	0	3.4	0.6	3.0	0.0
0	5	5	False	20190814	5	False	-1	5	0	50	3	3	106	1	0	3.2	0.8	3.0	1.0
0	5	5	False	20190813	5	False	-1	4	0	40	2	2	105	1	0	3.0	1.0	3.0	1.0
0	5	5	False	20190812	5	False	-1	2	0	20	1	1	104	1	0	3.0	1.0	2.0	1.0
-10	5	5	False	20190810	6	False	0	0	0	0	6	6	27	0	-1	3.0	0.5	2.5	0.5
-5	5	6	False	20190809	6	False	0	0	-1	0	5	5	26	1	0	2.83	0.75	2.0	1.0
0	6	6	False	20190808	6	False	0	-2	-1	-20	4	4	25	1	0	2.83	0.75	2.5	1.0
0	6	6	False	20190807	6	False	-1	5	0	50	3	3	24	1	0	2.83	0.75	3.0	1.0
0	6	6	False	20190806	6	False	-1	4	0	40	2	2	23	1	0	2.67	1.0	3.0	1.0
0	6	6	False	20190805	6	False	-1	2	0	20	1	1	22	1	0	2.67	1.0	3.0	1.0
-10	6	6	False	20190803	7	True	0	-2	-1	-20	4	4	19	0	-1	2.43	1.0	3.0	1.0
-5	6	7	True	20190802	7	False	-1	5	0	50	3	3	18	0	-1	2.29	1.33	2.0	1.0
0	7	7	False	20190801	7	False	-1	4	0	40	2	2	17	1	0	2.29	1.33	2.0	1.0
0	7	7	False	20190731	7	False	-1	2	0	20	1	1	16	1	0	2.29	1.33	2.0	1.0
-10	7	7	False	20190730	8	True	0	-1	-1	-10	4	4	7	0	-1	2.25	1.0	2.0	1.0
-5	7	8	True	20190729	8	True	-1	5	1	50	3	3	6	0	-1	2.25	1.0	2.0	1.0
0	8	8	True	20190727	8	False	-1	5	1	50	2	2	5	0	-1	2.25	1.0	2.0	1.0
0	8	8	False	20190726	8	False	-1	8	1	80	1	1	4	1	0	2.12	1.5	2.0	1.5
-10	8	8	False	20190725	9	False	1	0	1	0	2	635	2	0	-1	2.11	1.0	2.0	1.0
-5	8	9	False	20190724	9	True	1	4	1	40	1	634	1	1	0	2.11	1.0	2.0	1.0
10	9	9	True	20190723	8	True	1	-4	0	-40	1	109	1	1	0	2.38	0.5	2.5	0.5
15	9	8	True	20190722	7	False	-1	7	1	70	3	3	8	1	0	2.29	1.33	2.0	1.0
5	8	7	False	20190720	7	True	-1	7	1	70	2	2	7	1	0	2.14	1.67	2.0	1.0
0	7	7	True	20190719	7	False	-1	7	1	70	1	1	6	0	-1	2.29	1.33	2.0	2.0
-10	7	7	False	20190718	8	True	1	-2	0	-20	1	105	1	0	-1	2.25	1.0	2.0	1.0
5	7	8	True	20190717	7	True	0	2	1	20	4	12	4	1	0	2.57	0.67	2.0	0.0
5	8	7	True	20190716	7	False	1	-5	1	-50	3	11	3	0	-1	2.86	0.0	2.0	0.0
0	7	7	False	20190715	7	False	1	-2	1	-20	2	10	2	1	0	2.71	0.33	2.0	0.0
0	7	7	False	20190713	7	True	1	2	1	20	1	9	1	1	0	2.57	0.67	2.0	1.0
10	7	7	True	20190712	6	False	1	-4	0	-40	2	7	2	1	0	2.67	1.0	2.0	1.0
5	7	6	False	20190711	6	True	1	-4	0	-40	1	6	1	1	0	2.5	1.25	2.0	1.0
10	6	6	True	20190710	5	False	-1	5	-1	50	3	3	76	1	0	2.6	1.4	2.0	1.0
5	6	5	False	20190709	5	False	-1	2	-1	20	2	2	75	1	0	2.4	1.6	2.0	1.0
0	5	5	False	20190708	5	False	-1	-4	-1	-40	1	1	74	1	0	2.4	1.6	2.0	1.0
-10	5	5	False	20190706	6	True	-1	0	-1	0	2	2	18	0	-1	2.17	1.75	2.0	1.5
-5	5	6	True	20190705	6	False	-1	-4	-1	-40	1	1	17	0	-1	2.17	1.75	1.5	1.5
-10	6	6	False	20190704	7	False	-1	2	0	20	1	1	9	0	-1	2.0	2.0	1.0	2.0
-15	6	7	False	20190703	8	True	0	0	1	0	5	92	5	0	-1	2.0	2.0	2.0	2.0
-5	7	8	True	20190702	8	False	0	2	1	20	4	91	4	0	-1	2.38	0.5	2.5	0.5
0	8	8	False	20190701	8	True	1	-5	0	-50	3	90	3	1	0	2.25	1.0	2.5	1.0
0	8	8	True	20190629	8	False	1	-4	0	-40	2	89	2	0	-1	2.12	1.5	2.0	1.5
0	8	8	False	20190628	8	True	1	0	0	0	1	88	1	1	0	2.12	1.5	2.0	1.5
10	8	8	True	20190627	7	True	1	-5	-1	-50	3	31	3	1	0	2.29	1.33	2.0	1.0
5	8	7	True	20190626	7	True	1	-5	-1	-50	2	30	2	0	-1	2.43	1.0	2.0	0.0
0	7	7	True	20190625	7	True	1	-5	-1	-50	1	29	1	0	-1	2.71	0.33	3.0	0.0
10	7	7	True	20190624	6	True	-1	5	1	50	2	2	7	1	0	2.83	0.75	2.5	0.5
5	7	6	True	20190622	6	False	-1	5	1	50	1	1	6	0	-1	2.5	1.25	2.0	0.5
-10	6	6	False	20190621	7	False	1	-4	0	-40	2	26	2	0	-1	2.71	0.33	2.0	0.0
-5	6	7	False	20190620	7	True	1	0	0	0	1	25	1	1	0	2.71	0.33	2.0	0.0
10	7	7	True	20190619	6	False	1	-5	-1	-50	3	13	3	1	0	2.83	0.75	2.0	0.5
5	7	6	False	20190618	6	False	1	-5	-1	-50	2	12	2	1	0	2.83	0.75	2.5	0.5
0	6	6	False	20190617	6	True	1	-5	-1	-50	1	11	1	1	0	2.67	1.0	2.5	0.5
10	6	6	True	20190615	5	True	-1	4	0	40	2	2	55	1	0	3.0	1.0	3.0	1.0
5	6	5	True	20190614	5	False	-1	2	0	20	1	1	54	0	-1	2.8	1.2	3.0	1.0
-10	5	5	False	20190613	6	False	0	0	1	0	5	8	5	0	-1	2.33	1.5	2.0	1.0
-5	5	6	False	20190612	6	False	0	2	1	20	4	7	4	1	0	2.17	1.75	1.5	1.5
0	6	6	False	20190611	6	False	1	-7	-1	-70	3	6	3	1	0	2.17	1.75	2.0	1.5
0	6	6	False	20190610	6	True	1	-7	-1	-70	2	5	2	1	0	2.0	2.0	2.0	2.0
0	6	6	True	20190608	6	True	1	-10	-1	-100	1	4	1	0	-1	2.5	1.25	2.0	1.5
10	6	6	True	20190607	5	False	-1	-2	-1	-20	1	1	48	1	0	3.0	1.0	3.0	1.0
-5	6	5	False	20190606	6	False	-1	5	1	50	2	2	7	0	-1	2.67	1.0	2.5	1.0
-5	5	6	False	20190605	6	False	-1	5	1	50	1	1	6	1	0	2.67	1.0	2.5	1.0
-10	6	6	False	20190604	7	True	1	-4	0	-40	2	11	2	0	-1	2.57	0.67	3.0	0.0
-5	6	7	True	20190603	7	True	1	0	0	0	1	10	1	0	-1	2.43	1.0	2.0	1.0
10	7	7	True	20190601	6	False	1	-7	-1	-70	3	5	3	1	0	2.33	1.5	2.0	1.5
5	7	6	False	20190531	6	True	1	-10	-1	-100	2	4	2	1	0	2.17	1.75	2.0	2.0
0	6	6	True	20190530	6	True	1	-10	-1	-100	1	3	1	0	-1	2.33	1.5	2.0	1.5
10	6	6	True	20190529	5	False	-1	-2	-1	-20	1	1	40	1	0	2.4	1.6	2.0	2.0
-5	6	5	False	20190528	6	False	-1	4	1	40	1	1	18	0	-1	2.17	1.75	2.0	1.5
-15	5	6	False	20190527	7	True	1	-10	-1	-100	1	4	1	0	-1	1.86	2.33	2.0	2.0
5	6	7	True	20190525	6	False	-1	-2	-1	-20	1	1	16	1	0	2.0	2.0	2.0	2.0
-5	7	6	False	20190524	7	False	-1	5	1	50	2	2	8	0	-1	2.14	1.67	2.0	2.0
-5	6	7	False	20190523	7	False	-1	4	1	40	1	1	7	1	0	2.14	1.67	2.0	2.0
-10	7	7	False	20190522	8	True	1	-5	-1	-50	2	56	2	0	-1	2.12	1.5	2.0	1.5
-5	7	8	True	20190521	8	True	1	-4	-1	-40	1	55	1	0	-1	2.38	0.5	2.0	0.5
10	8	8	True	20190520	7	False	-1	10	1	100	1	1	4	1	0	2.57	0.67	2.0	1.0
-5	8	7	False	20190518	8	True	1	2	1	20	1	53	1	0	-1	2.38	0.5	2.0	0.5
5	7	8	True	20190517	7	False	1	-4	0	-40	2	16	2	1	0	2.71	0.33	2.0	0.0
5	8	7	False	20190516	7	True	1	-2	0	-20	1	15	1	1	0	2.57	0.67	2.0	1.0
10	7	7	True	20190515	6	True	0	0	0	0	7	12	7	1	0	2.83	0.75	2.0	1.0
5	7	6	True	20190514	6	False	0	0	0	0	6	11	6	0	-1	2.5	1.25	2.0	1.0
0	6	6	False	20190513	6	False	0	0	1	0	5	10	5	1	0	2.5	1.25	2.0	1.0
0	6	6	False	20190511	6	False	0	2	1	20	4	9	4	1	0	2.5	1.25	2.5	1.0
0	6	6	False	20190510	6	False	1	-5	-1	-50	3	8	3	1	0	2.33	1.5	2.0	1.0
0	6	6	False	20190509	6	True	1	-5	-1	-50	2	7	2	1	0	2.33	1.5	2.0	1.0
0	6	6	True	20190508	6	True	1	-5	-1	-50	1	6	1	0	-1	2.67	1.0	3.0	1.0
10	6	6	True	20190507	5	False	-1	4	0	40	2	2	21	1	0	3.2	0.8	3.0	1.0
5	6	5	False	20190506	5	False	-1	0	0	0	1	1	20	1	0	3.2	0.8	3.0	1.0
-10	5	5	False	20190504	6	True	-1	5	-1	50	3	3	11	0	-1	2.83	0.75	3.0	1.0
-5	5	6	True	20190503	6	True	-1	2	-1	20	2	2	10	0	-1	2.5	1.25	3.0	1.5
0	6	6	True	20190502	6	False	-1	-2	-1	-20	1	1	9	0	-1	2.33	1.5	2.5	2.0
-10	6	6	False	20190501	7	True	-1	4	0	40	2	2	7	0	-1	2.14	1.67	2.0	2.0
-5	6	7	True	20190430	7	False	-1	2	0	20	1	1	6	0	-1	1.86	2.33	2.0	3.0
-10	7	7	False	20190429	8	True	0	2	1	20	4	36	4	0	-1	2.12	1.5	2.0	1.5
-5	7	8	True	20190427	8	False	1	-4	1	-40	3	35	3	0	-1	2.5	0.0	2.5	0.0
0	8	8	False	20190426	8	False	1	2	1	20	2	34	2	1	0	2.38	0.5	2.0	0.5
0	8	8	False	20190425	8	True	1	7	1	70	1	33	1	1	0	2.25	1.0	2.0	1.0
10	8	8	True	20190424	7	True	1	4	1	40	1	20	1	1	0	2.43	1.0	2.0	0.0
15	8	7	True	20190423	6	True	1	-2	0	-20	1	14	1	1	0	2.83	0.75	2.5	0.0
15	7	6	True	20190422	5	True	0	0	0	0	8	11	8	1	0	3.2	0.8	3.0	0.0
5	6	5	True	20190420	5	False	0	0	0	0	7	10	7	0	-1	3.0	1.0	2.0	1.0
0	5	5	False	20190419	5	False	0	0	0	0	6	9	6	1	0	2.8	1.2	2.0	1.0
0	5	5	False	20190418	5	False	0	0	1	0	5	8	5	1	0	2.8	1.2	2.0	1.0
0	5	5	False	20190417	5	False	0	2	1	20	4	7	4	1	0	2.6	1.4	2.0	1.0
0	5	5	False	20190416	5	True	1	-7	-1	-70	3	6	3	1	0	2.6	1.4	2.0	1.0
0	5	5	True	20190415	5	False	1	-7	-1	-70	2	5	2	0	-1	3.4	0.6	4.0	1.0
0	5	5	False	20190413	5	True	1	-10	-1	-100	1	4	1	1	0	3.4	0.6	4.0	1.0
10	5	5	True	20190412	4	False	-1	-2	-1	-20	1	1	546	1	0	4.0	0.67	4.0	1.0
-5	5	4	False	20190411	5	False	-1	2	-1	20	2	2	207	0	-1	3.2	0.8	3.0	1.0
-5	4	5	False	20190410	5	False	-1	0	-1	0	1	1	206	1	0	3.2	0.8	3.0	1.0
-10	5	5	False	20190409	6	False	-1	7	1	70	2	2	83	0	-1	2.67	1.0	3.0	1.0
-5	5	6	False	20190408	6	False	-1	5	1	50	1	1	82	1	0	2.67	1.0	2.5	1.0
-10	6	6	False	20190406	7	True	1	-5	-1	-50	1	5	1	0	-1	2.43	1.0	2.0	1.0
5	6	7	True	20190405	6	True	-1	2	-1	20	2	2	80	1	0	2.33	1.5	2.0	1.5
5	7	6	True	20190404	6	False	-1	-2	-1	-20	1	1	79	0	-1	2.0	2.0	1.5	2.0
-10	6	6	False	20190403	7	False	-1	5	1	50	2	2	5	0	-1	2.0	2.0	2.0	2.0
-5	6	7	False	20190402	7	False	-1	7	1	70	1	1	4	1	0	2.0	2.0	2.0	2.0
-10	7	7	False	20190401	8	True	1	0	1	0	2	12	2	0	-1	2.12	1.5	2.0	1.5
-5	7	8	True	20190330	8	True	1	4	1	40	1	11	1	0	-1	2.25	1.0	2.0	1.0
10	8	8	True	20190329	7	True	1	-2	0	-20	1	8	1	1	0	2.43	1.0	3.0	1.0
15	8	7	True	20190328	6	False	0	0	-1	0	5	5	73	1	0	2.33	1.5	2.5	1.5
5	7	6	False	20190327	6	True	0	-2	-1	-20	4	4	72	1	0	2.17	1.75	2.0	2.0
0	6	6	True	20190326	6	True	-1	5	-1	50	3	3	71	0	-1	2.17	1.75	2.0	2.0
0	6	6	True	20190325	6	True	-1	2	-1	20	2	2	70	0	-1	2.33	1.5	2.5	1.5
0	6	6	True	20190323	6	False	-1	-2	-1	-20	1	1	69	0	-1	2.33	1.5	2.5	1.0
-10	6	6	False	20190322	7	True	-1	2	-1	20	2	2	14	0	-1	2.43	1.0	3.0	1.0
-5	6	7	True	20190321	7	False	-1	0	-1	0	1	1	13	0	-1	2.43	1.0	3.0	1.0
-10	7	7	False	20190320	8	False	-1	10	1	100	2	2	4	0	-1	2.25	1.0	2.0	1.0
-5	7	8	False	20190319	8	False	-1	12	1	120	1	1	3	1	0	2.25	1.0	2.0	1.0
-10	8	8	False	20190318	9	True	1	2	1	20	1	524	1	0	-1	2.11	1.0	2.0	1.0
5	8	9	True	20190316	8	True	1	-5	-1	-50	1	144	1	1	0	2.25	1.0	2.5	1.0
15	9	8	True	20190315	7	True	-1	4	0	40	2	2	8	1	0	2.43	1.0	3.0	1.0
5	8	7	True	20190314	7	False	-1	4	0	40	1	1	7	0	-1	2.57	0.67	3.0	1.0
-10	7	7	False	20190313	8	False	1	-5	0	-50	3	141	3	0	-1	2.38	0.5	2.0	0.5
-5	7	8	False	20190312	8	False	1	-4	0	-40	2	140	2	1	0	2.38	0.5	2.0	0.5
0	8	8	False	20190311	8	True	1	0	0	0	1	139	1	1	0	2.38	0.5	2.0	0.5
10	8	8	True	20190309	7	True	1	-7	-1	-70	3	31	3	1	0	2.43	1.0	2.0	1.0
5	8	7	True	20190308	7	False	1	-7	-1	-70	2	30	2	0	-1	2.29	1.33	2.0	1.0
0	7	7	False	20190307	7	True	1	-5	-1	-50	1	29	1	1	0	2.29	1.33	2.0	1.0
10	7	7	True	20190306	6	False	-1	5	1	50	1	1	54	1	0	2.33	1.5	2.0	1.5
-5	7	6	False	20190305	7	False	1	-5	-1	-50	2	27	2	0	-1	2.29	1.33	2.0	1.0
-5	6	7	False	20190304	7	True	1	-4	-1	-40	1	26	1	1	0	2.29	1.33	2.0	1.0
10	7	7	True	20190302	6	True	-1	7	1	70	2	2	51	1	0	2.5	1.25	2.0	1.5
5	7	6	True	20190301	6	False	-1	7	1	70	1	1	50	0	-1	2.33	1.5	2.0	1.5
-10	6	6	False	20190228	7	True	1	-4	0	-40	1	23	1	0	-1	2.14	1.67	1.0	2.0
5	6	7	True	20190227	6	True	-1	7	1	70	3	3	48	1	0	2.5	1.25	1.5	1.5
5	7	6	True	20190226	6	False	-1	7	1	70	2	2	47	0	-1	2.67	1.0	2.0	1.0
0	6	6	False	20190225	6	False	-1	5	1	50	1	1	46	1	0	2.67	1.0	2.5	1.0
-10	6	6	False	20190223	7	True	1	-5	-1	-50	1	19	1	0	-1	2.57	0.67	3.0	1.0
5	6	7	True	20190222	6	False	-1	4	0	40	2	2	44	1	0	2.83	0.75	3.0	1.0
5	7	6	False	20190221	6	False	-1	4	0	40	1	1	43	1	0	2.83	0.75	3.0	1.0
-10	6	6	False	20190220	7	False	1	-5	-1	-50	3	16	3	0	-1	2.43	1.0	3.0	1.0
-5	6	7	False	20190219	7	True	1	-5	-1	-50	2	15	2	1	0	2.43	1.0	3.0	1.0
0	7	7	True	20190218	7	True	1	-5	-1	-50	1	14	1	0	-1	2.57	0.67	3.0	0.0
10	7	7	True	20190216	6	True	-1	4	0	40	2	2	39	1	0	3.0	0.5	3.0	0.0
5	7	6	True	20190215	6	False	-1	2	0	20	1	1	38	0	-1	3.0	0.5	3.0	0.0
-10	6	6	False	20190214	7	True	0	0	1	0	5	11	5	0	-1	2.86	0.0	3.0	0.0
-5	6	7	True	20190213	7	False	0	2	1	20	4	10	4	0	-1	2.71	0.33	3.0	0.0
0	7	7	False	20190212	7	False	1	-7	-1	-70	3	9	3	1	0	2.71	0.33	2.0	0.0
0	7	7	False	20190211	7	False	1	-7	-1	-70	2	8	2	1	0	2.71	0.33	3.0	0.0
0	7	7	False	20190209	7	True	1	-7	-1	-70	1	7	1	1	0	2.71	0.33	3.0	0.0
10	7	7	True	20190208	6	False	-1	2	0	20	1	1	32	1	0	2.83	0.75	3.0	0.5
-5	7	6	False	20190207	7	True	0	0	-1	0	5	5	8	0	-1	2.71	0.33	3.0	0.0
-5	6	7	True	20190206	7	False	0	-2	-1	-20	4	4	7	0	-1	2.71	0.33	3.0	0.0
0	7	7	False	20190205	7	False	-1	7	1	70	3	3	6	1	0	2.71	0.33	3.0	0.0
0	7	7	False	20190204	7	False	-1	7	1	70	2	2	5	1	0	2.57	0.67	3.0	0.0
0	7	7	False	20190202	7	False	-1	10	1	100	1	1	4	1	0	2.43	1.0	3.0	1.0
-10	7	7	False	20190201	8	True	1	0	1	0	1	107	1	0	-1	2.38	0.5	2.5	0.5
5	7	8	True	20190131	7	False	1	-10	-1	-100	2	4	2	1	0	2.43	1.0	3.0	1.0
5	8	7	False	20190130	7	True	1	-10	-1	-100	1	3	1	1	0	2.43	1.0	3.0	1.0
10	7	7	True	20190129	6	False	-1	0	-1	0	1	1	23	1	0	2.5	1.25	3.0	1.5
-5	7	6	False	20190128	7	False	-1	7	1	70	1	1	21	0	-1	2.29	1.33	2.0	1.0
-15	6	7	False	20190126	8	True	1	-4	0	-40	1	102	1	0	-1	2.38	0.5	2.0	0.5
5	7	8	True	20190125	7	False	-1	5	1	50	3	3	19	1	0	2.57	0.67	2.0	1.0
5	8	7	False	20190124	7	False	-1	5	1	50	2	2	18	1	0	2.57	0.67	2.0	1.0
0	7	7	False	20190123	7	False	-1	4	1	40	1	1	17	1	0	2.57	0.67	2.0	1.0
-10	7	7	False	20190122	8	False	1	-5	-1	-50	2	98	2	0	-1	2.38	0.5	2.0	0.5
-5	7	8	False	20190121	8	True	1	-4	-1	-40	1	97	1	1	0	2.25	1.0	2.0	1.0
10	8	8	True	20190119	7	False	-1	7	1	70	1	1	14	1	0	2.43	1.0	2.0	1.0
-5	8	7	False	20190118	8	True	1	-4	0	-40	1	95	1	0	-1	2.12	1.5	2.0	1.5
5	7	8	True	20190117	7	False	-1	7	1	70	3	3	12	1	0	2.14	1.67	2.0	1.0
5	8	7	False	20190116	7	False	-1	7	1	70	2	2	11	1	0	2.14	1.67	2.0	1.0
0	7	7	False	20190115	7	False	-1	7	1	70	1	1	10	1	0	2.0	2.0	2.0	1.0
-10	7	7	False	20190114	8	True	1	-4	0	-40	1	91	1	0	-1	1.88	2.5	1.5	2.5
5	7	8	True	20190112	7	False	-1	5	1	50	3	3	8	1	0	2.0	2.0	2.0	1.0
5	8	7	False	20190111	7	True	-1	5	1	50	2	2	7	1	0	1.86	2.33	2.0	2.0
0	7	7	True	20190110	7	False	-1	5	1	50	1	1	6	0	-1	2.0	2.0	2.0	1.0
-10	7	7	False	20190109	8	True	1	-4	0	-40	2	87	2	0	-1	2.12	1.5	2.0	1.5
-5	7	8	True	20190108	8	True	1	0	0	0	1	86	1	0	-1	2.12	1.5	2.0	1.5
10	8	8	True	20190107	7	False	1	-4	1	-40	3	26	3	1	0	2.29	1.33	2.0	1.0
5	8	7	False	20190105	7	False	1	-2	1	-20	2	25	2	1	0	2.29	1.33	2.0	1.0
0	7	7	False	20190104	7	True	1	0	1	0	1	24	1	1	0	2.14	1.67	2.0	2.0
10	7	7	True	20190103	6	True	1	-10	-1	-100	1	4	1	1	0	2.33	1.5	2.0	1.5
15	7	6	True	20190102	5	False	-1	-2	-1	-20	1	1	122	1	0	2.8	1.2	2.0	1.0
-5	6	5	False	20190101	6	False	-1	4	0	40	2	2	9	0	-1	2.83	0.75	2.5	0.5
-5	5	6	False	20191231	6	False	-1	2	0	20	1	1	8	1	0	2.83	0.75	2.5	0.5
-10	6	6	False	20181229	7	False	0	0	1	0	5	19	5	0	-1	2.57	0.67	2.0	0.0
-5	6	7	False	20181228	7	True	0	2	1	20	4	18	4	1	0	2.57	0.67	2.0	0.0
0	7	7	True	20181227	7	False	1	-5	1	-50	3	17	3	0	-1	2.71	0.33	2.0	0.0
0	7	7	False	20181226	7	False	1	-2	1	-20	2	16	2	1	0	2.71	0.33	3.0	0.0
0	7	7	False	20181225	7	True	1	0	1	0	1	15	1	1	0	2.71	0.33	3.0	0.0
10	7	7	True	20181224	6	False	1	-7	-1	-70	2	13	2	1	0	2.83	0.75	2.5	0.5
5	7	6	False	20181222	6	True	1	-5	-1	-50	1	12	1	1	0	2.83	0.75	2.5	0.5
10	6	6	True	20181221	5	False	-1	5	1	50	1	1	112	1	0	3.0	1.0	3.0	1.0
-5	6	5	False	20181220	6	False	1	-5	-1	-50	2	10	2	0	-1	2.83	0.75	3.0	0.5
-5	5	6	False	20181219	6	True	1	-5	-1	-50	1	9	1	1	0	2.67	1.0	2.5	1.0
10	6	6	True	20181218	5	False	-1	4	0	40	2	2	109	1	0	3.2	0.8	4.0	1.0
5	6	5	False	20181217	5	False	-1	4	0	40	1	1	108	1	0	3.0	1.0	3.0	1.0
-10	5	5	False	20181215	6	False	1	-7	-1	-70	3	6	3	0	-1	2.67	1.0	2.5	0.5
-5	5	6	False	20181214	6	False	1	-7	-1	-70	2	5	2	1	0	2.67	1.0	2.5	0.5
0	6	6	False	20181213	6	True	1	-10	-1	-100	1	4	1	1	0	2.67	1.0	2.5	0.5
10	6	6	True	20181212	5	False	-1	-4	-1	-40	1	1	104	1	0	2.6	1.4	2.0	1.0
-5	6	5	False	20181211	6	False	-1	2	-1	20	2	2	15	0	-1	2.5	1.25	2.5	0.5
-5	5	6	False	20181210	6	False	-1	0	-1	0	1	1	14	1	0	2.33	1.5	2.0	1.0
-10	6	6	False	20181208	7	False	-1	7	1	70	1	1	5	0	-1	2.57	0.67	3.0	1.0
-15	6	7	False	20181207	8	True	1	0	0	0	1	59	1	0	-1	2.38	0.5	2.5	0.5
5	7	8	True	20181206	7	False	1	-7	-1	-70	3	17	3	1	0	2.57	0.67	3.0	0.0
5	8	7	False	20181205	7	False	1	-5	-1	-50	2	16	2	1	0	2.43	1.0	2.0	0.0
0	7	7	False	20181204	7	True	1	-4	-1	-40	1	15	1	1	0	2.29	1.33	2.0	1.0
10	7	7	True	20181203	6	False	-1	5	1	50	1	1	8	1	0	2.17	1.75	1.5	2.0
-5	7	6	False	20181201	7	True	1	-5	-1	-50	1	13	1	0	-1	2.29	1.33	2.0	1.0
5	6	7	True	20181130	6	False	-1	5	1	50	2	2	6	1	0	2.5	1.25	2.5	1.0
5	7	6	False	20181129	6	False	-1	5	1	50	1	1	5	1	0	2.5	1.25	2.5	1.0
-10	6	6	False	20181128	7	False	1	-2	1	-20	2	10	2	0	-1	2.57	0.67	2.0	1.0
-5	6	7	False	20181127	7	True	1	0	1	0	1	9	1	1	0	2.57	0.67	3.0	1.0
10	7	7	True	20181126	6	False	1	-5	-1	-50	2	6	2	1	0	2.5	1.25	2.5	1.5
5	7	6	False	20181124	6	True	1	-5	-1	-50	1	5	1	1	0	2.5	1.25	2.5	1.5
10	6	6	True	20181123	5	False	-1	2	1	20	1	1	88	1	0	2.8	1.2	3.0	1.0
-5	6	5	False	20181122	6	True	1	-12	-1	-120	1	3	1	0	-1	2.5	1.25	2.5	1.0
5	5	6	True	20181121	5	False	-1	-5	-1	-50	1	1	86	1	0	2.6	1.4	3.0	1.0
-5	6	5	False	20181120	6	False	-1	-2	-1	-20	1	1	32	0	-1	2.33	1.5	2.5	1.5
-15	5	6	False	20181119	7	True	-1	5	1	50	2	2	9	0	-1	2.29	1.33	2.0	1.0
-5	6	7	True	20181117	7	False	-1	4	1	40	1	1	8	0	-1	2.57	0.67	3.0	1.0
-10	7	7	False	20181116	8	False	1	-7	-1	-70	2	41	2	0	-1	2.38	0.5	2.5	0.5
-5	7	8	False	20181115	8	True	1	-7	-1	-70	1	40	1	1	0	2.38	0.5	3.0	0.5
10	8	8	True	20181114	7	False	-1	4	0	40	1	1	5	1	0	2.43	1.0	3.0	1.0
-5	8	7	False	20181113	8	True	1	-4	1	-40	3	38	3	0	-1	2.12	1.5	2.0	1.5
-5	7	8	True	20181112	8	False	1	-2	1	-20	2	37	2	0	-1	2.38	0.5	2.5	0.5
0	8	8	False	20181110	8	True	1	0	1	0	1	36	1	1	0	2.38	0.5	2.5	0.5
10	8	8	True	20181109	7	True	1	-7	-1	-70	1	6	1	1	0	2.71	0.33	3.0	0.0
15	8	7	True	20181108	6	False	-1	2	0	20	1	1	22	1	0	2.83	0.75	3.0	1.0
-5	7	6	False	20181107	7	False	0	-2	-1	-20	4	4	11	0	-1	2.43	1.0	3.0	1.0
-5	6	7	False	20181106	7	True	-1	7	1	70	3	3	10	1	0	2.43	1.0	2.0	1.0
0	7	7	True	20181105	7	False	-1	5	1	50	2	2	9	0	-1	2.43	1.0	3.0	1.0
0	7	7	False	20181103	7	False	-1	5	1	50	1	1	8	1	0	2.29	1.33	3.0	1.0
-10	7	7	False	20181102	8	True	1	-4	-1	-40	1	29	1	0	-1	2.0	2.0	1.5	2.0
5	7	8	True	20181101	7	False	-1	5	1	50	1	1	6	1	0	2.0	2.0	2.0	2.0
-5	8	7	False	20181031	8	True	1	-4	-1	-40	1	27	1	0	-1	2.0	2.0	2.0	2.0
5	7	8	True	20181030	7	False	-1	10	1	100	2	2	4	1	0	2.14	1.67	2.0	2.0
5	8	7	False	20181029	7	False	-1	12	1	120	1	1	3	1	0	2.14	1.67	2.0	2.0
-10	7	7	False	20181027	8	True	1	2	1	20	1	24	1	0	-1	2.12	1.5	2.0	1.5
5	7	8	True	20181026	7	True	1	-4	-1	-40	1	6	1	1	0	2.43	1.0	3.0	0.0
15	8	7	True	20181025	6	True	-1	5	1	50	2	2	10	1	0	2.5	1.25	3.0	1.0
5	7	6	True	20181024	6	False	-1	2	1	20	1	1	9	0	-1	2.33	1.5	2.5	1.0
-10	6	6	False	20181023	7	True	1	-10	-1	-100	1	3	1	0	-1	2.57	0.67	3.0	0.0
5	6	7	True	20181022	6	False	-1	2	-1	20	1	1	7	1	0	2.5	1.25	2.5	1.0
-5	7	6	False	20181020	7	False	-1	10	1	100	1	1	3	0	-1	2.43	1.0	2.0	0.0
-15	6	7	False	20181019	8	True	1	2	1	20	1	17	1	0	-1	2.5	0.0	2.0	0.0
5	7	8	True	20181018	7	True	1	-2	-1	-20	1	15	1	1	0	2.71	0.33	2.0	0.0
15	8	7	True	20181017	6	False	-1	12	1	120	1	1	3	1	0	3.0	0.5	3.0	0.5
-5	7	6	False	20181016	7	True	1	2	1	20	1	13	1	0	-1	2.71	0.33	3.0	0.0
5	6	7	True	20181015	6	True	1	-5	-1	-50	1	7	1	1	0	2.83	0.75	3.0	0.5
15	7	6	True	20181013	5	False	-1	4	0	40	2	2	53	1	0	3.2	0.8	3.0	1.0
5	6	5	False	20181012	5	False	-1	2	0	20	1	1	52	1	0	3.2	0.8	3.0	1.0
-10	5	5	False	20181011	6	False	0	-2	-1	-20	4	4	29	0	-1	2.83	0.75	2.5	1.0
-5	5	6	False	20181010	6	False	-1	5	1	50	3	3	28	1	0	2.67	1.0	2.5	1.0
0	6	6	False	20181009	6	False	-1	5	1	50	2	2	27	1	0	2.67	1.0	2.5	1.0
0	6	6	False	20181008	6	False	-1	4	1	40	1	1	26	1	0	2.67	1.0	2.5	1.0
-10	6	6	False	20181006	7	False	1	-7	-1	-70	2	5	2	0	-1	2.29	1.33	2.0	1.0
-5	6	7	False	20181005	7	True	1	-10	-1	-100	1	4	1	1	0	2.29	1.33	2.0	1.0
10	7	7	True	20181004	6	False	-1	-4	-1	-40	1	1	23	1	0	2.33	1.5	2.5	1.5
-5	7	6	False	20181003	7	False	-1	0	-1	0	2	2	21	0	-1	2.29	1.33	2.0	1.0
-5	6	7	False	20181002	7	False	-1	-1	-1	-10	1	1	20	1	0	2.29	1.33	2.0	1.0
-10	7	7	False	20181001	8	False	-1	5	1	50	1	1	10	0	-1	2.12	1.5	2.0	1.5
-15	7	8	False	20180929	9	False	1	-4	0	-40	2	379	2	0	-1	2.0	2.0	2.0	2.0
-5	8	9	False	20180928	9	True	1	-1	0	-10	1	378	1	1	0	2.0	2.0	2.0	2.0
10	9	9	True	20180927	8	True	0	0	0	0	7	334	7	1	0	2.0	2.0	2.0	2.0
5	9	8	True	20180926	8	True	0	0	0	0	6	333	6	0	-1	2.25	1.0	2.0	1.0
0	8	8	True	20180925	8	False	0	0	1	0	5	332	5	0	-1	2.38	0.5	2.0	0.5
0	8	8	False	20180924	8	False	0	2	1	20	4	331	4	1	0	2.38	0.5	2.5	0.5
0	8	8	False	20180922	8	False	1	-5	0	-50	3	330	3	1	0	2.38	0.5	2.0	0.5
0	8	8	False	20180921	8	True	1	-4	0	-40	2	329	2	1	0	2.38	0.5	2.0	0.5
0	8	8	True	20180920	8	True	1	-2	0	-20	1	328	1	0	-1	2.38	0.5	2.0	0.5
10	8	8	True	20180919	7	False	0	0	-1	0	5	5	9	1	0	2.43	1.0	2.0	1.0
5	8	7	False	20180918	7	False	0	-2	-1	-20	4	4	8	1	0	2.43	1.0	2.0	1.0
0	7	7	False	20180917	7	True	-1	5	0	50	3	3	7	1	0	2.43	1.0	2.0	1.0
0	7	7	True	20180915	7	False	-1	4	0	40	2	2	6	0	-1	2.29	1.33	2.0	1.0
0	7	7	False	20180914	7	False	-1	4	0	40	1	1	5	1	0	2.29	1.33	1.0	1.0
-10	7	7	False	20180913	8	False	1	-4	1	-40	3	322	3	0	-1	2.38	0.5	2.0	0.5
-5	7	8	False	20180912	8	False	1	2	1	20	2	321	2	1	0	2.38	0.5	2.5	0.5
0	8	8	False	20180911	8	True	1	7	1	70	1	320	1	1	0	2.38	0.5	2.0	0.5
10	8	8	True	20180910	7	True	1	2	1	20	1	12	1	1	0	2.57	0.67	2.0	1.0
15	8	7	True	20180908	6	True	1	-4	-1	-40	1	10	1	1	0	3.0	0.5	3.0	0.5
15	7	6	True	20180907	5	False	-1	7	1	70	2	2	22	1	0	3.2	0.8	3.0	1.0
5	6	5	False	20180906	5	False	-1	7	1	70	1	1	21	1	0	3.0	1.0	3.0	1.0
-10	5	5	False	20180905	6	True	1	-4	0	-40	1	7	1	0	-1	2.5	1.25	2.5	1.5
5	5	6	True	20180904	5	False	-1	5	0	50	3	3	19	1	0	3.0	1.0	3.0	1.0
5	6	5	False	20180903	5	False	-1	4	0	40	2	2	18	1	0	3.0	1.0	2.0	1.0
0	5	5	False	20180901	5	False	-1	0	0	0	1	1	17	1	0	3.0	1.0	2.0	1.0
-10	5	5	False	20180831	6	False	-1	4	-1	40	3	3	15	0	-1	2.83	0.75	2.0	0.5
-5	5	6	False	20180830	6	True	-1	0	-1	0	2	2	14	1	0	2.83	0.75	2.5	0.5
0	6	6	True	20180829	6	False	-1	-2	-1	-20	1	1	13	0	-1	2.67	1.0	2.5	1.0
-10	6	6	False	20180828	7	False	-1	5	1	50	1	1	8	0	-1	2.43	1.0	2.0	1.0
-15	6	7	False	20180827	8	False	1	-4	0	-40	2	307	2	0	-1	2.38	0.5	2.0	0.5
-5	7	8	False	20180825	8	True	1	-2	0	-20	1	306	1	1	0	2.38	0.5	2.0	0.5
10	8	8	True	20180824	7	True	0	0	1	0	5	56	5	1	0	2.14	1.67	2.0	2.0
5	8	7	True	20180823	7	False	0	2	1	20	4	55	4	0	-1	2.14	1.67	2.0	2.0
0	7	7	False	20180822	7	True	1	-5	0	-50	3	54	3	1	0	2.14	1.67	2.0	2.0
0	7	7	True	20180821	7	False	1	-4	0	-40	2	53	2	0	-1	2.57	0.67	2.0	0.0
0	7	7	False	20180820	7	True	1	-2	0	-20	1	52	1	1	0	2.57	0.67	2.0	0.0
10	7	7	True	20180818	6	True	0	2	1	20	4	11	4	1	0	3.0	0.5	2.5	0.0
5	7	6	True	20180817	6	True	1	-4	1	-40	3	10	3	0	-1	2.83	0.75	2.0	0.5
0	6	6	True	20180816	6	False	1	0	1	0	2	9	2	0	-1	3.0	0.5	2.0	0.5
0	6	6	False	20180815	6	True	1	4	1	40	1	8	1	1	0	3.0	0.5	2.0	0.5
10	6	6	True	20180814	5	True	1	-4	0	-40	1	5	1	1	0	3.4	0.6	2.0	1.0
15	6	5	True	20180813	4	False	-1	4	-1	40	3	3	338	1	0	3.75	0.83	3.5	1.0
5	5	4	False	20180811	4	False	-1	0	-1	0	2	2	337	1	0	3.5	1.0	3.0	1.0
0	4	4	False	20180810	4	False	-1	-5	-1	-50	1	1	336	1	0	3.5	1.0	3.0	1.0
-10	4	4	False	20180809	5	False	-1	-2	-1	-20	1	1	301	0	-1	2.8	1.2	3.0	1.0
-15	4	5	False	20180808	6	False	-1	4	0	40	2	2	23	0	-1	2.5	1.25	2.0	1.5
-5	5	6	False	20180807	6	False	-1	2	0	20	1	1	22	1	0	2.33	1.5	2.0	1.5
-10	6	6	False	20180806	7	False	0	0	0	0	7	40	7	0	-1	2.43	1.0	3.0	1.0
-5	6	7	False	20180804	7	False	0	0	0	0	6	39	6	1	0	2.43	1.0	2.0	1.0
0	7	7	False	20180803	7	True	0	0	1	0	5	38	5	1	0	2.43	1.0	2.0	1.0
0	7	7	True	20180802	7	True	0	2	1	20	4	37	4	0	-1	2.57	0.67	2.0	1.0
0	7	7	True	20180801	7	False	1	-5	0	-50	3	36	3	0	-1	2.71	0.33	2.0	0.0
0	7	7	False	20180731	7	True	1	-4	0	-40	2	35	2	1	0	2.57	0.67	2.0	1.0
0	7	7	True	20180730	7	True	1	-4	0	-40	1	34	1	0	-1	2.29	1.33	2.0	1.0
10	7	7	True	20180728	6	False	-1	5	1	50	3	3	14	1	0	2.33	1.5	2.0	1.5
5	7	6	False	20180727	6	False	-1	5	1	50	2	2	13	1	0	2.17	1.75	2.0	2.0
0	6	6	False	20180726	6	False	-1	4	1	40	1	1	12	1	0	2.17	1.75	2.0	2.0
-10	6	6	False	20180725	7	False	1	-7	-1	-70	2	30	2	0	-1	2.14	1.67	2.0	2.0
-5	6	7	False	20180724	7	True	1	-7	-1	-70	1	29	1	1	0	2.14	1.67	2.0	2.0
10	7	7	True	20180723	6	False	-1	2	0	20	1	1	9	1	0	2.5	1.25	2.5	1.5
-5	7	6	False	20180721	7	True	0	0	1	0	5	27	5	0	-1	2.43	1.0	2.0	1.0
-5	6	7	True	20180720	7	True	0	2	1	20	4	26	4	0	-1	2.43	1.0	3.0	1.0
0	7	7	True	20180719	7	True	1	-5	0	-50	3	25	3	0	-1	2.71	0.33	3.0	0.0
0	7	7	True	20180718	7	False	1	-4	0	-40	2	24	2	0	-1	2.86	0.0	3.0	0.0
0	7	7	False	20180717	7	True	1	0	0	0	1	23	1	1	0	2.86	0.0	3.0	0.0
10	7	7	True	20180716	6	False	1	-7	-1	-70	3	6	3	1	0	3.0	0.5	3.0	0.0
5	7	6	False	20180714	6	False	1	-7	-1	-70	2	5	2	1	0	2.83	0.75	2.5	0.5
0	6	6	False	20180713	6	True	1	-10	-1	-100	1	4	1	1	0	2.67	1.0	2.5	1.0
10	6	6	True	20180712	5	False	-1	-2	-1	-20	1	1	277	1	0	2.6	1.4	2.0	2.0
-5	6	5	False	20180711	6	False	-1	5	1	50	2	2	5	0	-1	2.33	1.5	2.0	1.5
-5	5	6	False	20180710	6	False	-1	7	1	70	1	1	4	1	0	2.33	1.5	2.0	1.5
-10	6	6	False	20180709	7	False	1	0	1	0	2	16	2	0	-1	2.29	1.33	2.0	1.0
-5	6	7	False	20180707	7	True	1	4	1	40	1	15	1	1	0	2.29	1.33	2.0	1.0
10	7	7	True	20180706	6	True	1	-4	0	-40	1	12	1	1	0	2.33	1.5	2.0	1.5
15	7	6	True	20180705	5	False	-1	7	1	70	3	3	271	1	0	2.8	1.2	3.0	1.0
5	6	5	False	20180704	5	True	-1	7	1	70	2	2	270	1	0	2.6	1.4	3.0	1.0
0	5	5	True	20180703	5	False	-1	7	1	70	1	1	269	0	-1	3.2	0.8	3.0	1.0
-10	5	5	False	20180702	6	True	1	-4	0	-40	1	8	1	0	-1	3.0	0.5	3.0	0.5
5	5	6	True	20180630	5	False	-1	5	0	50	3	3	267	1	0	3.2	0.8	3.0	1.0
5	6	5	False	20180629	5	False	-1	4	0	40	2	2	266	1	0	3.2	0.8	4.0	1.0
0	5	5	False	20180628	5	False	-1	2	0	20	1	1	265	1	0	3.0	1.0	3.0	1.0
-10	5	5	False	20180627	6	True	0	-2	-1	-20	4	4	18	0	-1	2.5	1.25	2.5	1.5
-5	5	6	True	20180626	6	False	-1	5	-1	50	3	3	17	0	-1	2.33	1.5	2.5	1.5
0	6	6	False	20180625	6	True	-1	2	-1	20	2	2	16	1	0	2.33	1.5	2.5	1.5
0	6	6	True	20180623	6	False	-1	-2	-1	-20	1	1	15	0	-1	2.17	1.75	2.0	1.5
-10	6	6	False	20180622	7	False	-1	4	0	40	2	2	7	0	-1	2.14	1.67	2.0	1.0
-5	6	7	False	20180621	7	False	-1	2	0	20	1	1	6	1	0	2.14	1.67	2.0	1.0
-10	7	7	False	20180620	8	False	0	2	1	20	4	249	4	0	-1	2.0	2.0	2.0	2.0
-5	7	8	False	20180619	8	True	1	-4	1	-40	3	248	3	1	0	2.0	2.0	2.0	2.0
0	8	8	True	20180618	8	True	1	0	1	0	2	247	2	0	-1	1.88	2.5	1.5	2.5
0	8	8	True	20180616	8	True	1	2	1	20	1	246	1	0	-1	1.88	2.5	1.5	2.5
10	8	8	True	20180615	7	True	1	-5	-1	-50	1	15	1	1	0	2.14	1.67	2.0	2.0
15	8	7	True	20180614	6	True	-1	4	0	40	2	2	7	1	0	2.17	1.75	2.0	1.5
5	7	6	True	20180613	6	False	-1	4	0	40	1	1	6	0	-1	2.33	1.5	2.5	1.0
-10	6	6	False	20180612	7	False	1	-5	1	-50	3	12	3	0	-1	2.29	1.33	3.0	1.0
-5	6	7	False	20180611	7	True	1	-2	1	-20	2	11	2	1	0	2.29	1.33	2.0	1.0
0	7	7	True	20180609	7	True	1	2	1	20	1	10	1	0	-1	2.57	0.67	3.0	1.0
10	7	7	True	20180608	6	False	1	-5	-1	-50	2	8	2	1	0	2.83	0.75	3.0	0.5
5	7	6	False	20180607	6	True	1	-5	-1	-50	1	7	1	1	0	2.83	0.75	2.5	0.5
10	6	6	True	20180606	5	False	-1	4	0	40	2	2	246	1	0	3.2	0.8	3.0	1.0
5	6	5	False	20180605	5	False	-1	2	0	20	1	1	245	1	0	3.0	1.0	3.0	1.0
-10	5	5	False	20180604	6	True	0	-2	-1	-20	4	4	14	0	-1	2.67	1.0	2.5	1.0
-5	5	6	True	20180602	6	False	-1	4	-1	40	3	3	13	0	-1	2.83	0.75	3.0	1.0
0	6	6	False	20180601	6	False	-1	0	-1	0	2	2	12	1	0	2.83	0.75	2.5	1.0
0	6	6	False	20180531	6	False	-1	-2	-1	-20	1	1	11	1	0	2.67	1.0	2.0	1.0
-10	6	6	False	20180530	7	False	-1	5	1	50	1	1	9	0	-1	2.29	1.33	2.0	1.0
-15	6	7	False	20180529	8	False	1	-5	-1	-50	2	230	2	0	-1	2.38	0.5	2.5	0.5
-5	7	8	False	20180528	8	True	1	-4	-1	-40	1	229	1	1	0	2.38	0.5	2.0	0.5
10	8	8	True	20180526	7	False	-1	7	1	70	2	2	6	1	0	2.57	0.67	2.0	1.0
5	8	7	False	20180525	7	False	-1	7	1	70	1	1	5	1	0	2.43	1.0	2.0	1.0
-10	7	7	False	20180524	8	True	1	0	0	0	1	226	1	0	-1	2.38	0.5	2.0	0.5
5	7	8	True	20180523	7	False	1	-4	1	-40	3	14	3	1	0	2.43	1.0	2.0	1.0
5	8	7	False	20180522	7	True	1	-2	1	-20	2	13	2	1	0	2.29	1.33	2.0	1.0
0	7	7	True	20180521	7	True	1	0	1	0	1	12	1	0	-1	2.43	1.0	2.0	1.0
10	7	7	True	20180519	6	True	1	-7	-1	-70	1	6	1	1	0	2.5	1.25	2.5	1.0
15	7	6	True	20180518	5	False	-1	2	0	20	1	1	230	1	0	2.8	1.2	3.0	1.0
-5	6	5	False	20180517	6	False	0	-2	-1	-20	4	4	27	0	-1	2.5	1.25	2.5	1.0
-5	5	6	False	20180516	6	False	-1	5	0	50	3	3	26	1	0	2.5	1.25	2.5	1.0
0	6	6	False	20180515	6	False	-1	4	0	40	2	2	25	1	0	2.33	1.5	2.0	1.0
0	6	6	False	20180514	6	False	-1	4	0	40	1	1	24	1	0	2.17	1.75	2.0	1.5
-10	6	6	False	20180512	7	True	1	-7	-1	-70	3	5	3	0	-1	2.14	1.67	2.0	2.0
-5	6	7	True	20180511	7	False	1	-10	-1	-100	2	4	2	0	-1	2.43	1.0	2.0	1.0
0	7	7	False	20180510	7	True	1	-12	-1	-120	1	3	1	1	0	2.43	1.0	2.0	1.0
10	7	7	True	20180509	6	False	-1	-4	-1	-40	1	1	20	1	0	2.83	0.75	2.0	0.5
-5	7	6	False	20180508	7	False	-1	4	0	40	1	1	8	0	-1	2.57	0.67	2.0	0.0
-15	6	7	False	20180507	8	False	1	-5	0	-50	3	211	3	0	-1	2.5	0.0	2.0	0.0
-5	7	8	False	20180505	8	False	1	-4	0	-40	2	210	2	1	0	2.5	0.0	2.0	0.0
0	8	8	False	20180504	8	True	1	-2	0	-20	1	209	1	1	0	2.38	0.5	2.0	0.5
10	8	8	True	20180503	7	False	0	2	1	20	4	32	4	1	0	2.71	0.33	3.0	0.0
5	8	7	False	20180502	7	False	1	-5	0	-50	3	31	3	1	0	2.57	0.67	3.0	1.0
0	7	7	False	20180501	7	False	1	-4	0	-40	2	30	2	1	0	2.43	1.0	3.0	1.0
0	7	7	False	20180430	7	True	1	-2	0	-20	1	29	1	1	0	2.43	1.0	2.0	1.0
10	7	7	True	20180428	6	False	0	0	0	0	7	7	11	1	0	2.83	0.75	3.0	0.5
5	7	6	False	20180427	6	True	0	0	0	0	6	6	10	1	0	2.67	1.0	2.5	1.0
0	6	6	True	20180426	6	False	0	0	-1	0	5	5	9	0	-1	2.67	1.0	3.0	1.0
0	6	6	False	20180425	6	False	0	-2	-1	-20	4	4	8	1	0	2.67	1.0	3.0	1.0
0	6	6	False	20180424	6	True	-1	5	1	50	3	3	7	1	0	2.5	1.25	2.5	1.5
0	6	6	True	20180423	6	False	-1	5	1	50	2	2	6	0	-1	2.67	1.0	2.5	1.0
0	6	6	False	20180421	6	False	-1	5	1	50	1	1	5	1	0	2.5	1.25	2.5	1.0
-10	6	6	False	20180420	7	False	1	-2	1	-20	2	21	2	0	-1	2.43	1.0	2.0	0.0
-5	6	7	False	20180419	7	True	1	2	1	20	1	20	1	1	0	2.43	1.0	2.0	0.0
10	7	7	True	20180418	6	False	1	-4	0	-40	2	17	2	1	0	2.67	1.0	2.5	0.5
5	7	6	False	20180417	6	True	1	-4	0	-40	1	16	1	1	0	2.67	1.0	2.5	0.5
10	6	6	True	20180416	5	True	-1	5	0	50	3	3	202	1	0	2.4	1.6	2.0	1.0
5	6	5	True	20180414	5	False	-1	4	0	40	2	2	201	0	-1	2.8	1.2	3.0	1.0
0	5	5	False	20180413	5	False	-1	2	0	20	1	1	200	1	0	2.6	1.4	3.0	1.0
-10	5	5	False	20180412	6	False	0	2	1	20	4	12	4	0	-1	2.83	0.75	3.0	0.5
-5	5	6	False	20180411	6	False	1	-5	-1	-50	3	11	3	1	0	2.67	1.0	2.5	1.0
0	6	6	False	20180410	6	False	1	-5	-1	-50	2	10	2	1	0	2.5	1.25	2.0	1.0
0	6	6	False	20180409	6	True	1	-4	-1	-40	1	9	1	1	0	2.5	1.25	2.0	1.0
10	6	6	True	20180407	5	True	-1	5	1	50	2	2	195	1	0	2.8	1.2	2.0	1.0
5	6	5	True	20180406	5	False	-1	5	1	50	1	1	194	0	-1	2.8	1.2	2.0	1.0
-10	5	5	False	20180405	6	True	1	-4	-1	-40	1	6	1	0	-1	2.67	1.0	2.5	1.0
5	5	6	True	20180404	5	False	-1	5	1	50	1	1	192	1	0	3.0	1.0	3.0	1.0
-5	6	5	False	20180403	6	True	1	-7	-1	-70	1	4	1	0	-1	2.67	1.0	2.0	1.0
5	5	6	True	20180402	5	False	-1	0	-1	0	2	2	190	1	0	3.2	0.8	4.0	1.0
5	6	5	False	20180331	5	False	-1	-5	-1	-50	1	1	189	1	0	3.2	0.8	4.0	1.0
-10	5	5	False	20180330	6	False	-1	-2	-1	-20	1	1	11	0	-1	2.83	0.75	2.5	1.0
-15	5	6	False	20180329	7	False	-1	4	0	40	2	2	9	0	-1	2.57	0.67	1.0	1.0
-5	6	7	False	20180328	7	False	-1	2	0	20	1	1	8	1	0	2.57	0.67	2.0	1.0
-10	7	7	False	20180327	8	True	0	2	1	20	4	176	4	0	-1	2.38	0.5	2.0	0.5
-5	7	8	True	20180326	8	False	1	-5	0	-50	3	175	3	0	-1	2.38	0.5	2.0	0.5
0	8	8	False	20180324	8	False	1	-4	0	-40	2	174	2	1	0	2.38	0.5	2.0	0.5
0	8	8	False	20180323	8	True	1	0	0	0	1	173	1	1	0	2.25	1.0	2.0	1.0
10	8	8	True	20180322	7	False	1	-4	1	-40	3	11	3	1	0	2.57	0.67	2.0	0.0
5	8	7	False	20180321	7	False	1	-2	1	-20	2	10	2	1	0	2.43	1.0	2.0	1.0
0	7	7	False	20180320	7	True	1	0	1	0	1	9	1	1	0	2.43	1.0	2.0	1.0
10	7	7	True	20180319	6	True	1	-7	-1	-70	1	5	1	1	0	2.5	1.25	2.5	1.0
15	7	6	True	20180317	5	False	-1	0	0	0	1	1	177	1	0	2.4	1.6	2.0	2.0
-5	6	5	False	20180316	6	True	-1	5	0	50	3	3	10	0	-1	2.0	2.0	2.0	2.5
-5	5	6	True	20180315	6	True	-1	4	0	40	2	2	9	0	-1	2.17	1.75	2.5	2.0
0	6	6	True	20180314	6	False	-1	0	0	0	1	1	8	0	-1	2.5	1.25	2.5	1.0
-10	6	6	False	20180313	7	False	-1	5	1	50	3	3	6	0	-1	2.29	1.33	2.0	0.0
-5	6	7	False	20180312	7	True	-1	5	1	50	2	2	5	1	0	2.29	1.33	2.0	0.0
0	7	7	True	20180310	7	False	-1	7	1	70	1	1	4	0	-1	2.29	1.33	2.0	0.0
-10	7	7	False	20180309	8	False	1	2	1	20	2	161	2	0	-1	2.5	0.0	2.0	0.0
-5	7	8	False	20180308	8	True	1	7	1	70	1	160	1	1	0	2.5	0.0	2.0	0.0
10	8	8	True	20180307	7	True	1	4	1	40	1	95	1	1	0	2.86	0.0	2.0	0.0
15	8	7	True	20180306	6	True	1	-2	0	-20	1	11	1	1	0	3.17	0.25	2.5	0.0
15	7	6	True	20180305	5	False	0	0	0	0	9	9	166	1	0	3.4	0.6	3.0	1.0
5	6	5	False	20180303	5	False	0	0	0	0	8	8	165	1	0	3.4	0.6	3.0	1.0
0	5	5	False	20180302	5	False	0	0	0	0	7	7	164	1	0	3.2	0.8	3.0	1.0
0	5	5	False	20180301	5	False	0	0	0	0	6	6	163	1	0	3.0	1.0	2.0	1.0
0	5	5	False	20180228	5	True	0	0	-1	0	5	5	162	1	0	3.0	1.0	3.0	1.0
0	5	5	True	20180227	5	False	0	-2	-1	-20	4	4	161	0	-1	3.2	0.8	3.0	1.0
0	5	5	False	20180226	5	True	-1	4	-1	40	3	3	160	1	0	3.0	1.0	3.0	1.0
0	5	5	True	20180224	5	False	-1	0	-1	0	2	2	159	0	-1	3.2	0.8	3.0	0.0
0	5	5	False	20180223	5	False	-1	-4	-1	-40	1	1	158	1	0	3.2	0.8	3.0	0.0
-10	5	5	False	20180222	6	False	-1	2	0	20	1	1	38	0	-1	2.67	1.0	3.0	0.5
-15	5	6	False	20180221	7	False	0	0	0	0	8	83	8	0	-1	2.71	0.33	3.0	0.0
-5	6	7	False	20180220	7	False	0	0	0	0	7	82	7	1	0	2.71	0.33	3.0	0.0
0	7	7	False	20180219	7	False	0	0	0	0	6	81	6	1	0	2.71	0.33	3.0	0.0
0	7	7	False	20180217	7	False	0	0	1	0	5	80	5	1	0	2.57	0.67	2.0	0.0
0	7	7	False	20180216	7	False	0	2	1	20	4	79	4	1	0	2.43	1.0	2.0	1.0
0	7	7	False	20180215	7	False	1	-5	-1	-50	3	78	3	1	0	2.29	1.33	2.0	1.0
0	7	7	False	20180214	7	True	1	-5	-1	-50	2	77	2	1	0	2.29	1.33	2.0	1.0
0	7	7	True	20180213	7	True	1	-4	-1	-40	1	76	1	0	-1	2.14	1.67	2.0	2.0
10	7	7	True	20180212	6	True	-1	7	1	70	2	2	29	1	0	2.33	1.5	1.5	1.5
5	7	6	True	20180210	6	False	-1	7	1	70	1	1	28	0	-1	2.67	1.0	2.0	1.0
-10	6	6	False	20180209	7	True	1	-2	0	-20	1	73	1	0	-1	2.43	1.0	2.0	1.0
5	6	7	True	20180208	6	False	0	-2	-1	-20	4	4	26	1	0	2.5	1.25	2.0	1.5
5	7	6	False	20180207	6	False	-1	5	0	50	3	3	25	1	0	2.5	1.25	2.5	1.5
0	6	6	False	20180206	6	True	-1	4	0	40	2	2	24	1	0	2.5	1.25	2.5	1.5
0	6	6	True	20180205	6	False	-1	4	0	40	1	1	23	0	-1	2.67	1.0	2.5	0.5
-10	6	6	False	20180203	7	False	1	-5	0	-50	3	68	3	0	-1	2.71	0.33	3.0	0.0
-5	6	7	False	20180202	7	False	1	-4	0	-40	2	67	2	1	0	2.71	0.33	3.0	0.0
0	7	7	False	20180201	7	True	1	-2	0	-20	1	66	1	1	0	2.71	0.33	3.0	0.0
10	7	7	True	20180131	6	False	0	0	0	0	9	9	19	1	0	3.0	0.5	3.0	0.5
5	7	6	False	20180130	6	True	0	0	0	0	8	8	18	1	0	3.0	0.5	3.0	0.5
0	6	6	True	20180129	6	False	0	0	0	0	7	7	17	0	-1	3.0	0.5	3.0	0.5
0	6	6	False	20180127	6	False	0	0	0	0	6	6	16	1	0	3.0	0.5	3.0	0.5
0	6	6	False	20180126	6	False	0	0	-1	0	5	5	15	1	0	2.83	0.75	3.0	0.5
0	6	6	False	20180125	6	False	0	-2	-1	-20	4	4	14	1	0	2.67	1.0	3.0	0.5
0	6	6	False	20180124	6	False	-1	5	0	50	3	3	13	1	0	2.5	1.25	2.5	1.0
0	6	6	False	20180123	6	False	-1	4	0	40	2	2	12	1	0	2.5	1.25	2.5	1.0
0	6	6	False	20180122	6	False	-1	4	0	40	1	1	11	1	0	2.5	1.25	2.0	1.0
-10	6	6	False	20180120	7	True	1	-7	-1	-70	3	56	3	0	-1	2.14	1.67	2.0	1.0
-5	6	7	True	20180119	7	True	1	-7	-1	-70	2	55	2	0	-1	2.14	1.67	2.0	1.0
0	7	7	True	20180118	7	True	1	-5	-1	-50	1	54	1	0	-1	2.57	0.67	2.0	1.0
10	7	7	True	20180117	6	False	-1	4	1	40	1	1	7	1	0	2.83	0.75	2.5	1.0
-5	7	6	False	20180116	7	False	1	-7	-1	-70	2	52	2	0	-1	2.43	1.0	2.0	1.0
-5	6	7	False	20180115	7	True	1	-5	-1	-50	1	51	1	1	0	2.43	1.0	2.0	1.0
10	7	7	True	20180113	6	False	-1	7	1	70	1	1	4	1	0	2.83	0.75	3.0	1.0
-5	7	6	False	20180112	7	True	1	-2	1	-20	2	49	2	0	-1	2.57	0.67	2.0	1.0
-5	6	7	True	20180111	7	True	1	0	1	0	1	48	1	0	-1	2.29	1.33	1.0	1.0
10	7	7	True	20180110	6	True	1	-7	-1	-70	1	7	1	1	0	2.17	1.75	1.0	2.0
15	7	6	True	20180109	5	False	-1	2	0	20	1	1	119	1	0	2.4	1.6	1.0	2.0
-5	6	5	False	20180108	6	False	0	0	-1	0	5	5	7	0	-1	2.33	1.5	2.0	1.5
-5	5	6	False	20180106	6	False	0	-2	-1	-20	4	4	6	1	0	2.17	1.75	2.0	1.5
0	6	6	False	20180105	6	True	-1	7	1	70	3	3	5	1	0	2.0	2.0	1.5	2.0
0	6	6	True	20180104	6	False	-1	10	1	100	2	2	4	0	-1	2.17	1.75	2.0	1.5
0	6	6	False	20180103	6	False	-1	12	1	120	1	1	3	1	0	2.0	2.0	2.0	2.0
-10	6	6	False	20180102	7	True	1	4	1	40	1	40	1	0	-1	2.14	1.67	2.0	1.0
5	6	7	True	20180101	6	True	1	-4	0	-40	1	9	1	1	0	2.33	1.5	2.5	1.5
15	7	6	True	20171230	5	False	-1	5	1	50	3	3	111	1	0	2.8	1.2	3.0	1.0
5	6	5	False	20171229	5	False	-1	5	1	50	2	2	110	1	0	2.6	1.4	3.0	1.0
0	5	5	False	20171228	5	False	-1	4	1	40	1	1	109	1	0	2.4	1.6	3.0	1.0
-10	5	5	False	20171227	6	True	1	-7	-1	-70	2	5	2	0	-1	2.67	1.0	3.0	1.0
-5	5	6	True	20171226	6	True	1	-10	-1	-100	1	4	1	0	-1	2.67	1.0	2.5	1.0
10	6	6	True	20171225	5	False	-1	0	-1	0	1	1	106	1	0	3.2	0.8	3.0	1.0
-5	6	5	False	20171223	6	False	-1	7	1	70	2	2	6	0	-1	2.83	0.75	3.0	0.5
-5	5	6	False	20171222	6	False	-1	7	1	70	1	1	5	1	0	2.67	1.0	2.5	0.5
-10	6	6	False	20171221	7	True	1	0	0	0	1	30	1	0	-1	2.71	0.33	2.0	0.0
5	6	7	True	20171220	6	False	1	-7	-1	-70	3	9	3	1	0	3.0	0.5	3.0	0.5
5	7	6	False	20171219	6	True	1	-7	-1	-70	2	8	2	1	0	3.0	0.5	3.0	0.5
0	6	6	True	20171218	6	True	1	-7	-1	-70	1	7	1	0	-1	3.17	0.25	3.0	0.0
10	6	6	True	20171216	5	False	-1	2	0	20	1	1	99	1	0	3.6	0.4	3.0	0.0
-5	6	5	False	20171215	6	False	0	0	-1	0	5	5	14	0	-1	3.17	0.25	3.0	0.0
-5	5	6	False	20171214	6	False	0	-2	-1	-20	4	4	13	1	0	3.17	0.25	3.0	0.0
0	6	6	False	20171213	6	True	-1	5	0	50	3	3	12	1	0	3.0	0.5	3.0	0.5
0	6	6	True	20171212	6	False	-1	4	0	40	2	2	11	0	-1	2.67	1.0	2.5	1.0
0	6	6	False	20171211	6	False	-1	4	0	40	1	1	10	1	0	2.67	1.0	2.5	1.0
-10	6	6	False	20171209	7	False	1	-5	0	-50	3	20	3	0	-1	2.57	0.67	2.0	1.0
-5	6	7	False	20171208	7	False	1	-4	0	-40	2	19	2	1	0	2.43	1.0	2.0	1.0
0	7	7	False	20171207	7	True	1	-2	0	-20	1	18	1	1	0	2.29	1.33	1.0	1.0
10	7	7	True	20171206	6	False	0	0	0	0	6	10	6	1	0	2.17	1.75	1.5	1.5
5	7	6	False	20171205	6	True	0	0	1	0	5	9	5	1	0	2.0	2.0	1.5	2.0
0	6	6	True	20171204	6	False	0	2	1	20	4	8	4	0	-1	2.5	1.25	2.5	1.5
0	6	6	False	20171202	6	True	1	-5	-1	-50	3	7	3	1	0	2.33	1.5	2.5	1.5
0	6	6	True	20171201	6	True	1	-5	-1	-50	2	6	2	0	-1	2.67	1.0	2.5	0.5
0	6	6	True	20171130	6	True	1	-5	-1	-50	1	5	1	0	-1	3.17	0.25	3.0	0.0
10	6	6	True	20171129	5	False	-1	2	-1	20	2	2	84	1	0	3.4	0.6	3.0	1.0
5	6	5	False	20171128	5	False	-1	0	-1	0	1	1	83	1	0	3.4	0.6	4.0	1.0
-10	5	5	False	20171127	6	False	-1	5	1	50	2	2	15	0	-1	3.0	0.5	3.0	0.5
-5	5	6	False	20171125	6	False	-1	4	1	40	1	1	14	1	0	2.83	0.75	3.0	0.5
-10	6	6	False	20171124	7	True	1	-7	-1	-70	1	7	1	0	-1	2.71	0.33	3.0	0.0
5	6	7	True	20171123	6	False	-1	2	0	20	1	1	12	1	0	3.0	0.5	3.0	0.5
-5	7	6	False	20171122	7	False	0	0	-1	0	5	5	10	0	-1	2.71	0.33	3.0	0.0
-5	6	7	False	20171121	7	False	0	-2	-1	-20	4	4	9	1	0	2.71	0.33	3.0	0.0
0	7	7	False	20171120	7	False	-1	5	1	50	3	3	8	1	0	2.57	0.67	3.0	1.0
0	7	7	False	20171118	7	True	-1	5	1	50	2	2	7	1	0	2.57	0.67	3.0	1.0
0	7	7	True	20171117	7	False	-1	5	1	50	1	1	6	0	-1	2.29	1.33	3.0	1.0
-10	7	7	False	20171116	8	True	1	-4	0	-40	2	64	2	0	-1	2.38	0.5	2.5	0.5
-5	7	8	True	20171115	8	True	1	0	0	0	1	63	1	0	-1	2.25	1.0	2.5	1.0
10	8	8	True	20171114	7	False	1	-4	1	-40	3	11	3	1	0	2.43	1.0	3.0	1.0
5	8	7	False	20171113	7	False	1	-2	1	-20	2	10	2	1	0	2.43	1.0	3.0	1.0
0	7	7	False	20171111	7	True	1	2	1	20	1	9	1	1	0	2.29	1.33	3.0	1.0
10	7	7	True	20171110	6	True	1	-4	-1	-40	1	7	1	1	0	2.67	1.0	3.0	1.0
15	7	6	True	20171109	5	False	-1	7	1	70	1	1	67	1	0	2.8	1.2	3.0	1.0
-5	6	5	False	20171108	6	True	1	-4	0	-40	1	5	1	0	-1	2.67	1.0	3.0	1.0
5	5	6	True	20171107	5	True	-1	4	-1	40	3	3	65	1	0	2.8	1.2	3.0	1.0
5	6	5	True	20171106	5	False	-1	-2	-1	-20	2	2	64	0	-1	3.0	1.0	3.0	1.0
0	5	5	False	20171104	5	False	-1	-5	-1	-50	1	1	63	1	0	3.0	1.0	3.0	1.0
-10	5	5	False	20171103	6	False	-1	0	-1	0	1	1	28	0	-1	2.67	1.0	2.5	1.0
-15	5	6	False	20171102	7	False	-1	7	1	70	1	1	6	0	-1	2.43	1.0	2.0	1.0
-15	6	7	False	20171101	8	True	1	-2	0	-20	1	51	1	0	-1	2.38	0.5	2.0	0.5
5	7	8	True	20171031	7	False	0	2	1	20	4	36	4	1	0	2.57	0.67	2.0	1.0
5	8	7	False	20171030	7	False	1	-7	-1	-70	3	35	3	1	0	2.43	1.0	2.0	1.0
0	7	7	False	20171028	7	False	1	-7	-1	-70	2	34	2	1	0	2.29	1.33	2.0	1.0
0	7	7	False	20171027	7	True	1	-5	-1	-50	1	33	1	1	0	2.29	1.33	2.0	1.0
10	7	7	True	20171026	6	False	-1	5	1	50	1	1	21	1	0	2.33	1.5	2.5	1.5
-5	7	6	False	20171025	7	False	1	-4	0	-40	2	31	2	0	-1	2.14	1.67	2.0	2.0
-5	6	7	False	20171024	7	True	1	-4	0	-40	1	30	1	1	0	2.14	1.67	2.0	2.0
10	7	7	True	20171023	6	True	-1	7	1	70	3	3	18	1	0	2.5	1.25	2.5	1.5
5	7	6	True	20171021	6	False	-1	5	1	50	2	2	17	0	-1	2.5	1.25	2.0	1.5
0	6	6	False	20171020	6	False	-1	5	1	50	1	1	16	1	0	2.5	1.25	2.0	1.5
-10	6	6	False	20171019	7	True	1	-5	-1	-50	1	26	1	0	-1	2.29	1.33	2.0	1.0
5	6	7	True	20171018	6	False	-1	4	1	40	1	1	14	1	0	2.5	1.25	2.5	1.0
-5	7	6	False	20171017	7	True	1	-7	-1	-70	1	24	1	0	-1	2.29	1.33	2.0	1.0
5	6	7	True	20171016	6	False	-1	2	0	20	1	1	12	1	0	2.33	1.5	2.0	1.5
-5	7	6	False	20171014	7	True	0	0	1	0	5	22	5	0	-1	2.29	1.33	2.0	1.0
-5	6	7	True	20171013	7	True	0	2	1	20	4	21	4	0	-1	2.43	1.0	3.0	0.0
0	7	7	True	20171012	7	False	1	-5	0	-50	3	20	3	0	-1	2.86	0.0	3.0	0.0
0	7	7	False	20171011	7	False	1	-4	0	-40	2	19	2	1	0	2.86	0.0	3.0	0.0
0	7	7	False	20171010	7	True	1	-2	0	-20	1	18	1	1	0	2.86	0.0	3.0	0.0
10	7	7	True	20171009	6	False	0	0	0	0	6	11	6	1	0	3.17	0.25	3.5	0.0
5	7	6	False	20171007	6	True	0	0	1	0	5	10	5	1	0	3.0	0.5	3.5	0.5
0	6	6	True	20171006	6	True	0	2	1	20	4	9	4	0	-1	2.83	0.75	3.5	1.0
0	6	6	True	20171005	6	False	1	-5	0	-50	3	8	3	0	-1	2.83	0.75	3.0	1.0
0	6	6	False	20171004	6	False	1	-4	0	-40	2	7	2	1	0	2.67	1.0	2.5	1.0
0	6	6	False	20171003	6	True	1	-2	0	-20	1	6	1	1	0	2.67	1.0	2.5	1.0
10	6	6	True	20171002	5	False	0	-2	-1	-20	4	4	34	1	0	3.0	1.0	3.0	1.0
5	6	5	False	20170930	5	False	-1	4	-1	40	3	3	33	1	0	3.0	1.0	3.0	1.0
0	5	5	False	20170929	5	False	-1	0	-1	0	2	2	32	1	0	3.0	1.0	3.0	1.0
0	5	5	False	20170928	5	False	-1	-4	-1	-40	1	1	31	1	0	2.8	1.2	3.0	1.0
-10	5	5	False	20170927	6	False	-1	4	0	40	1	1	28	0	-1	2.67	1.0	3.0	0.5
-15	5	6	False	20170926	7	True	1	-7	-1	-70	3	6	3	0	-1	2.57	0.67	3.0	1.0
-5	6	7	True	20170925	7	False	1	-7	-1	-70	2	5	2	0	-1	2.57	0.67	3.0	1.0
0	7	7	False	20170923	7	True	1	-10	-1	-100	1	4	1	1	0	2.57	0.67	3.0	1.0
10	7	7	True	20170922	6	False	-1	0	-1	0	1	1	24	1	0	2.67	1.0	3.0	1.0
-5	7	6	False	20170921	7	False	-1	7	1	70	2	2	12	0	-1	2.43	1.0	3.0	1.0
-5	6	7	False	20170920	7	False	-1	7	1	70	1	1	11	1	0	2.29	1.33	2.0	1.0
-10	7	7	False	20170919	8	True	1	-4	0	-40	1	14	1	0	-1	2.12	1.5	1.5	1.5
5	7	8	True	20170918	7	False	-1	7	1	70	3	3	9	1	0	2.29	1.33	2.0	1.0
5	8	7	False	20170916	7	False	-1	7	1	70	2	2	8	1	0	2.29	1.33	2.0	1.0
0	7	7	False	20170915	7	False	-1	5	1	50	1	1	7	1	0	2.14	1.67	2.0	2.0
-10	7	7	False	20170914	8	True	1	-4	-1	-40	1	10	1	0	-1	2.12	1.5	2.0	1.5
5	7	8	True	20170913	7	True	-1	7	1	70	2	2	5	1	0	2.29	1.33	2.0	1.0
5	8	7	True	20170912	7	False	-1	10	1	100	1	1	4	0	-1	2.0	2.0	2.0	2.0
-10	7	7	False	20170911	8	True	1	0	1	0	1	7	1	0	-1	1.88	2.5	2.0	2.5
5	7	8	True	20170909	7	False	1	-10	-1	-100	2	4	2	1	0	2.0	2.0	2.0	2.0
5	8	7	False	20170908	7	True	1	-12	-1	-120	1	3	1	1	0	2.0	2.0	2.0	2.0
10	7	7	True	20170907	6	False	-1	-5	-1	-50	1	1	11	1	0	2.0	2.0	2.0	1.5
-5	7	6	False	20170906	7	False	-1	0	-1	0	1	1	8	0	-1	1.71	2.67	2.0	2.0
-15	6	7	False	20170905	8	False	-1	10	1	100	2	2	4	0	-1	1.75	3.0	1.5	3.0
-5	7	8	False	20170904	8	False	-1	12	1	120	1	1	3	1	0	1.75	3.0	1.5	3.0
-10	8	8	False	20170902	9	True	1	4	1	40	1	43	1	0	-1	2.11	1.0	2.0	1.0
5	8	9	True	20170901	8	True	1	0	0	0	1	17	1	1	0	2.38	0.5	2.0	0.5
15	9	8	True	20170831	7	False	1	-5	1	-50	3	14	3	1	0	2.57	0.67	2.0	0.0
5	8	7	False	20170830	7	True	1	-2	1	-20	2	13	2	1	0	2.57	0.67	2.0	0.0
0	7	7	True	20170829	7	True	1	2	1	20	1	12	1	0	-1	2.71	0.33	2.0	0.0
10	7	7	True	20170828	6	False	1	-2	1	-20	2	10	2	1	0	2.83	0.75	2.0	1.0
5	7	6	False	20170826	6	True	1	0	1	0	1	9	1	1	0	2.83	0.75	2.0	1.0
10	6	6	True	20170825	5	False	1	-10	-1	-100	2	4	2	1	0	3.2	0.8	2.0	1.0
5	6	5	False	20170824	5	True	1	-10	-1	-100	1	3	1	1	0	3.2	0.8	2.0	1.0
10	5	5	True	20170823	4	False	-1	0	-1	0	1	1	34	1	0	3.5	1.0	3.0	1.0
-5	5	4	False	20170822	5	False	-1	5	1	50	1	1	23	0	-1	3.0	1.0	2.0	1.0
-15	4	5	False	20170821	6	True	1	-7	-1	-70	1	4	1	0	-1	2.67	1.0	2.0	1.0
5	5	6	True	20170819	5	False	-1	-2	-1	-20	2	2	21	1	0	2.8	1.2	2.0	1.0
5	6	5	False	20170818	5	False	-1	-7	-1	-70	1	1	20	1	0	2.6	1.4	2.0	1.0
-10	5	5	False	20170817	6	False	-1	-5	-1	-50	1	1	18	0	-1	2.5	1.25	2.0	1.0
-15	5	6	False	20170816	7	False	-1	-1	-1	-10	1	1	16	0	-1	2.43	1.0	2.0	1.0
-15	6	7	False	20170815	8	False	-1	4	0	40	2	2	13	0	-1	2.12	1.5	2.0	1.5
-5	7	8	False	20170814	8	False	-1	4	0	40	1	1	12	1	0	2.12	1.5	2.0	1.5
-10	8	8	False	20170812	9	False	1	-5	0	-50	3	25	3	0	-1	2.11	1.0	2.0	1.0
-5	8	9	False	20170811	9	False	1	-4	0	-40	2	24	2	1	0	2.11	1.0	2.0	1.0
0	9	9	False	20170810	9	True	1	-4	0	-40	1	23	1	1	0	2.11	1.0	2.0	1.0
10	9	9	True	20170809	8	True	-1	5	1	50	3	3	8	1	0	2.12	1.5	2.0	1.5
5	9	8	True	20170808	8	False	-1	5	1	50	2	2	7	0	-1	2.25	1.0	2.0	1.0
0	8	8	False	20170807	8	False	-1	5	1	50	1	1	6	1	0	2.25	1.0	1.5	1.0
-10	8	8	False	20170805	9	False	1	-4	0	-40	2	19	2	0	-1	2.22	0.0	2.0	0.0
-5	8	9	False	20170804	9	True	1	0	0	0	1	18	1	1	0	2.22	0.0	2.0	0.0
10	9	9	True	20170803	8	True	1	-5	1	-50	3	17	3	1	0	2.38	0.5	1.5	0.5
5	9	8	True	20170802	8	False	1	-2	1	-20	2	16	2	0	-1	2.38	0.5	2.0	0.5
0	8	8	False	20170801	8	True	1	4	1	40	1	15	1	1	0	2.38	0.5	2.0	0.5
10	8	8	True	20170731	7	False	1	2	1	20	2	14	2	1	0	2.57	0.67	2.0	1.0
5	8	7	False	20170729	7	True	1	5	1	50	1	13	1	1	0	2.43	1.0	2.0	1.0
10	7	7	True	20170728	6	True	1	0	1	0	1	12	1	1	0	2.67	1.0	2.0	1.0
15	7	6	True	20170727	5	True	1	-7	-1	-70	1	5	1	1	0	3.0	1.0	2.0	1.0
